title,company,location,date_posted,job_link,description,seniority_level,employment_type,job_function,industries,applicants,company_url,time_posted,company_size,founded,type,industry,headquarters
Data Science Student,PCL Construction,"Edmonton, Alberta, Canada",3 weeks ago,https://ca.linkedin.com/jobs/view/data-science-student-at-pcl-construction-4017073778?position=1&pageNum=0&refId=NI6ffnBlWZjw47uSX%2FyDJA%3D%3D&trackingId=sEJrOL6IHiAZAF3V9GgXbA%3D%3D,,,,,,,,,,,,,
Engineering Intern - Kiewit Energy Canada - Summer 2025,Kiewit,"Edmonton, Alberta, Canada",4 days ago,https://ca.linkedin.com/jobs/view/engineering-intern-kiewit-energy-canada-summer-2025-at-kiewit-4030614117?position=2&pageNum=0&refId=NI6ffnBlWZjw47uSX%2FyDJA%3D%3D&trackingId=kDauCVtnS6t0H7lJaSJ9DQ%3D%3D,,,,,,,,,,,,,
Systems Administrator Student,PCL Construction,"Edmonton, Alberta, Canada",3 weeks ago,https://ca.linkedin.com/jobs/view/systems-administrator-student-at-pcl-construction-4017075603?position=3&pageNum=0&refId=NI6ffnBlWZjw47uSX%2FyDJA%3D%3D&trackingId=47qZHReTIFzfZRtMrNALOw%3D%3D,,,,,,,,,,,,,
Systems Administrator Student,PCL Construction,"Edmonton, Alberta, Canada",3 weeks ago,https://ca.linkedin.com/jobs/view/systems-administrator-student-at-pcl-construction-4017624069?position=4&pageNum=0&refId=NI6ffnBlWZjw47uSX%2FyDJA%3D%3D&trackingId=obnXMNu7dYqjmVo%2B5pD%2FVA%3D%3D,,,,,,,,,,,,,
Engineering Internship,CPKC,"Edmonton, Alberta, Canada",1 week ago,https://ca.linkedin.com/jobs/view/engineering-internship-at-cpkc-4007167522?position=5&pageNum=0&refId=NI6ffnBlWZjw47uSX%2FyDJA%3D%3D&trackingId=pYoyVYsOg4185sKz4tNOTQ%3D%3D,,,,,,,,,,,,,
Brewery Intern - Edmonton,Labatt Breweries of Canada,"Edmonton, Alberta, Canada",1 week ago,https://ca.linkedin.com/jobs/view/brewery-intern-edmonton-at-labatt-breweries-of-canada-4010751794?position=6&pageNum=0&refId=NI6ffnBlWZjw47uSX%2FyDJA%3D%3D&trackingId=eYPKMOBpnm7MrCKKUnE8Ow%3D%3D,,,,,,,,,,,,,
Estimating Student,Bird Construction,"Edmonton, Alberta, Canada",1 week ago,https://ca.linkedin.com/jobs/view/estimating-student-at-bird-construction-4028883129?position=7&pageNum=0&refId=NI6ffnBlWZjw47uSX%2FyDJA%3D%3D&trackingId=VmnTQV7DvraC34IhaUaBpw%3D%3D,,,,,,,,,,,,,
Operations Intern,Bunge,"Edmonton, Alberta, Canada",1 week ago,https://ca.linkedin.com/jobs/view/operations-intern-at-bunge-4024734674?position=8&pageNum=0&refId=NI6ffnBlWZjw47uSX%2FyDJA%3D%3D&trackingId=%2B8uMTSTP8OBpxz72I%2B2XIg%3D%3D,,,,,,,,,,,,,
Human Resources Student,PCL Construction,"Edmonton, Alberta, Canada",3 weeks ago,https://ca.linkedin.com/jobs/view/human-resources-student-at-pcl-construction-4017072865?position=9&pageNum=0&refId=NI6ffnBlWZjw47uSX%2FyDJA%3D%3D&trackingId=YKEUmBNtzfbnviqSH1FFmQ%3D%3D,,,,,,,,,,,,,
Engineering/Technical Student,PCL Construction,"Edmonton, Alberta, Canada",4 weeks ago,https://ca.linkedin.com/jobs/view/engineering-technical-student-at-pcl-construction-4011754952?position=10&pageNum=0&refId=NI6ffnBlWZjw47uSX%2FyDJA%3D%3D&trackingId=6X95H8C2nahMAwBl9psVZA%3D%3D,,,,,,,,,,,,,
Support Solutions Student,PCL Construction,"Edmonton, Alberta, Canada",1 day ago,https://ca.linkedin.com/jobs/view/support-solutions-student-at-pcl-construction-4034320571?position=11&pageNum=0&refId=NI6ffnBlWZjw47uSX%2FyDJA%3D%3D&trackingId=Np2fyLxTW7X82EBwf4PJUQ%3D%3D,,,,,,,,,,,,,
Procurement Student,PCL Construction,"Edmonton, Alberta, Canada",3 weeks ago,https://ca.linkedin.com/jobs/view/procurement-student-at-pcl-construction-4017081022?position=12&pageNum=0&refId=NI6ffnBlWZjw47uSX%2FyDJA%3D%3D&trackingId=Kx3WpzTiXKhbzT1%2FtB3a%2Bg%3D%3D,,,,,,,,,,,,,
Engineering Student,PCL Construction,"Fort Saskatchewan, Alberta, Canada",3 weeks ago,https://ca.linkedin.com/jobs/view/engineering-student-at-pcl-construction-4017077388?position=13&pageNum=0&refId=NI6ffnBlWZjw47uSX%2FyDJA%3D%3D&trackingId=2rp2SfdcKEgzP8ZlJC0kcw%3D%3D,,,,,,,,,,,,,
Shell Assessed Internship Programme (January/May 2025) / Programme de stages évalués de Shell (janvier / mai 2025) - Canada,Shell,"Fort Saskatchewan, Alberta, Canada",1 week ago,https://ca.linkedin.com/jobs/view/shell-assessed-internship-programme-january-may-2025-programme-de-stages-%C3%A9valu%C3%A9s-de-shell-janvier-mai-2025-canada-at-shell-4027198877?position=14&pageNum=0&refId=NI6ffnBlWZjw47uSX%2FyDJA%3D%3D&trackingId=im8wveXNE2N64770RkjDNA%3D%3D,,,,,,,,,,,,,
Engineering Student,PCL Construction,"Nisku, Alberta, Canada",2 weeks ago,https://ca.linkedin.com/jobs/view/engineering-student-at-pcl-construction-4019499478?position=15&pageNum=0&refId=NI6ffnBlWZjw47uSX%2FyDJA%3D%3D&trackingId=fAlURtZX5N9MJF7%2FmTsZPQ%3D%3D,,,,,,,,,,,,,
Estimating Student,PCL Construction,"Edmonton, Alberta, Canada",3 weeks ago,https://ca.linkedin.com/jobs/view/estimating-student-at-pcl-construction-4015515741?position=16&pageNum=0&refId=NI6ffnBlWZjw47uSX%2FyDJA%3D%3D&trackingId=S7RtmoIC3YapIrHqqPucbA%3D%3D,,,,,,,,,,,,,
Quality and Food Safety Intern,Bunge,"Edmonton, Alberta, Canada",2 weeks ago,https://ca.linkedin.com/jobs/view/quality-and-food-safety-intern-at-bunge-4017640917?position=17&pageNum=0&refId=NI6ffnBlWZjw47uSX%2FyDJA%3D%3D&trackingId=GiBt3Tj3zxr4ytdVuNAa6Q%3D%3D,,,,,,,,,,,,,
Summer Sales Internship,BASF,"Sherwood Park, Alberta, Canada",3 weeks ago,https://ca.linkedin.com/jobs/view/summer-sales-internship-at-basf-4015554634?position=18&pageNum=0&refId=NI6ffnBlWZjw47uSX%2FyDJA%3D%3D&trackingId=Adzyje0%2BWBeTXBVLNa6z9w%3D%3D,,,,,,,,,,,,,
Accounting Student,PCL Construction,"Nisku, Alberta, Canada",3 weeks ago,https://ca.linkedin.com/jobs/view/accounting-student-at-pcl-construction-4017075343?position=19&pageNum=0&refId=NI6ffnBlWZjw47uSX%2FyDJA%3D%3D&trackingId=111wMZ4SugpD%2BY8fmfItOg%3D%3D,,,,,,,,,,,,,
Engineering Coop Intern,Flowserve Corporation,"Leduc, Alberta, Canada",3 weeks ago,https://ca.linkedin.com/jobs/view/engineering-coop-intern-at-flowserve-corporation-4014246311?position=20&pageNum=0&refId=NI6ffnBlWZjw47uSX%2FyDJA%3D%3D&trackingId=fnZGMiuOztMlhJXe3O13zg%3D%3D,,,,,,,,,,,,,
Shell Assessed Internship Programme (January/May 2025) / Programme de stages évalués de Shell (janvier / mai 2025) - Canada,Oil and Gas Job Search Ltd,"Fort Saskatchewan, Alberta, Canada",3 weeks ago,https://ca.linkedin.com/jobs/view/shell-assessed-internship-programme-january-may-2025-programme-de-stages-%C3%A9valu%C3%A9s-de-shell-janvier-mai-2025-canada-at-oil-and-gas-job-search-ltd-4017356598?position=21&pageNum=0&refId=NI6ffnBlWZjw47uSX%2FyDJA%3D%3D&trackingId=leBtjeNe2lvHNXpga9td1Q%3D%3D,,,,,,,,,,,,,
Estimating Student,PCL Construction,"Nisku, Alberta, Canada",3 weeks ago,https://ca.linkedin.com/jobs/view/estimating-student-at-pcl-construction-4015518239?position=22&pageNum=0&refId=NI6ffnBlWZjw47uSX%2FyDJA%3D%3D&trackingId=iqj0gpEnl4%2BNiM1VIeCBBQ%3D%3D,,,,,,,,,,,,,
Agronomic Excellence Summer Associate - Internship,BASF,"Ardrossan, Alberta, Canada",3 weeks ago,https://ca.linkedin.com/jobs/view/agronomic-excellence-summer-associate-internship-at-basf-4010173970?position=23&pageNum=0&refId=NI6ffnBlWZjw47uSX%2FyDJA%3D%3D&trackingId=E3SIGJ7OU27L39tg6e7Zjg%3D%3D,,,,,,,,,,,,,
Outside Sales Internship - Summer 2025,Uline,"St Albert, Alberta, Canada",2 weeks ago,https://ca.linkedin.com/jobs/view/outside-sales-internship-summer-2025-at-uline-4017869843?position=24&pageNum=0&refId=NI6ffnBlWZjw47uSX%2FyDJA%3D%3D&trackingId=tDNhUAsuURLZJnk%2Bp3%2Fh%2BA%3D%3D,,,,,,,,,,,,,
Field Compliance Summer Associate - Internship,BASF,"Sherwood Park, Alberta, Canada",3 weeks ago,https://ca.linkedin.com/jobs/view/field-compliance-summer-associate-internship-at-basf-4010173969?position=25&pageNum=0&refId=NI6ffnBlWZjw47uSX%2FyDJA%3D%3D&trackingId=6DlFppvs1uDurxmm6T7pVQ%3D%3D,,,,,,,,,,,,,
Canola Breeding Summer Associate - Internship,BASF,"Ardrossan, Alberta, Canada",3 weeks ago,https://ca.linkedin.com/jobs/view/canola-breeding-summer-associate-internship-at-basf-4012074918?position=26&pageNum=0&refId=NI6ffnBlWZjw47uSX%2FyDJA%3D%3D&trackingId=RpkTbj7rX19UaoAvlTjk6w%3D%3D,,,,,,,,,,,,,
Outside Sales Internship - Summer 2025,Uline,"St Albert, Alberta, Canada",2 weeks ago,https://ca.linkedin.com/jobs/view/outside-sales-internship-summer-2025-at-uline-4017873503?position=27&pageNum=0&refId=NI6ffnBlWZjw47uSX%2FyDJA%3D%3D&trackingId=VpUyq64x45G9M4vax0TGzQ%3D%3D,,,,,,,,,,,,,
Trait Development Summer Associate - Internship,BASF,"Sherwood Park, Alberta, Canada",3 weeks ago,https://ca.linkedin.com/jobs/view/trait-development-summer-associate-internship-at-basf-4010180002?position=28&pageNum=0&refId=NI6ffnBlWZjw47uSX%2FyDJA%3D%3D&trackingId=IMC2f1PU%2FIeoRQ4nte05Jg%3D%3D,,,,,,,,,,,,,
"Veterinary Medical Director, Guardian Veterinary Centre",VCA Canada,"Edmonton, Alberta, Canada",7 months ago,https://ca.linkedin.com/jobs/view/veterinary-medical-director-guardian-veterinary-centre-at-vca-canada-3863569228?position=29&pageNum=0&refId=NI6ffnBlWZjw47uSX%2FyDJA%3D%3D&trackingId=YLjSoPUeXXjSBI3BNw5RLA%3D%3D,,,,,,,,,,,,,
Outside Sales Internship - Summer 2025,Uline,"Spruce Grove, Alberta, Canada",2 weeks ago,https://ca.linkedin.com/jobs/view/outside-sales-internship-summer-2025-at-uline-4017875179?position=30&pageNum=0&refId=NI6ffnBlWZjw47uSX%2FyDJA%3D%3D&trackingId=tGfqRNfP1XGk2j5ccL4vpA%3D%3D,,,,,,,,,,,,,
"ULINE Inc. - Outside Sales Internship - Summer 2025, application via RippleMatch",RippleMatch,"St Albert, Alberta, Canada",6 days ago,https://ca.linkedin.com/jobs/view/uline-inc-outside-sales-internship-summer-2025-application-via-ripplematch-at-ripplematch-4029763919?position=31&pageNum=0&refId=NI6ffnBlWZjw47uSX%2FyDJA%3D%3D&trackingId=pwEWit9s7GjWmIMhKxwKCA%3D%3D,,,,,,,,,,,,,
Software Developer Student,PCL Construction,"Edmonton, Alberta, Canada",3 weeks ago,https://ca.linkedin.com/jobs/view/software-developer-student-at-pcl-construction-4017077104?position=32&pageNum=0&refId=NI6ffnBlWZjw47uSX%2FyDJA%3D%3D&trackingId=Yle3Q1EFJnDXHqQqziCnig%3D%3D,,,,,,,,,,,,,
Environmental Engineering/Science Student Intern,ATCO,"Edmonton, Alberta, Canada",1 week ago,https://ca.linkedin.com/jobs/view/environmental-engineering-science-student-intern-at-atco-4024736191?position=33&pageNum=0&refId=NI6ffnBlWZjw47uSX%2FyDJA%3D%3D&trackingId=4YqIuAMIzFQ4Fqj4rDkPCw%3D%3D,,,,,,,,,,,,,
Operations Coordinator (New Grad Internship),Swift Charge,"Edmonton, Alberta, Canada",4 months ago,https://ca.linkedin.com/jobs/view/operations-coordinator-new-grad-internship-at-swift-charge-3924885231?position=34&pageNum=0&refId=NI6ffnBlWZjw47uSX%2FyDJA%3D%3D&trackingId=aVgUMT3o%2BIEsK1dj6EmtMQ%3D%3D,,,,,,,,,,,,,
Audit & Assurance - Co-op/Intern 2025 - Multiple Locations,Deloitte,"Edmonton, Alberta, Canada",2 weeks ago,https://ca.linkedin.com/jobs/view/audit-assurance-co-op-intern-2025-multiple-locations-at-deloitte-4004526164?position=35&pageNum=0&refId=NI6ffnBlWZjw47uSX%2FyDJA%3D%3D&trackingId=a2HbcCaQysiqnfCXgGTPOA%3D%3D,,,,,,,,,,,,,
"Analyst Intern, Internal Audit and IT Audit & Assurance - Co-op/Intern 2025 - Multiple Locations",Deloitte,"Edmonton, Alberta, Canada",2 weeks ago,https://ca.linkedin.com/jobs/view/analyst-intern-internal-audit-and-it-audit-assurance-co-op-intern-2025-multiple-locations-at-deloitte-4004149403?position=36&pageNum=0&refId=NI6ffnBlWZjw47uSX%2FyDJA%3D%3D&trackingId=aIDL%2BHGGKl4RRInujk8YkA%3D%3D,,,,,,,,,,,,,
Technology Analyst Student,PCL Construction,"Edmonton, Alberta, Canada",1 week ago,https://ca.linkedin.com/jobs/view/technology-analyst-student-at-pcl-construction-4022464920?position=37&pageNum=0&refId=NI6ffnBlWZjw47uSX%2FyDJA%3D%3D&trackingId=uqDSq5atiH8VMVTrBcYtlQ%3D%3D,,,,,,,,,,,,,
Graduate Mechanical Engineer,Worley,"Edmonton, Alberta, Canada",1 week ago,https://ca.linkedin.com/jobs/view/graduate-mechanical-engineer-at-worley-4023117333?position=38&pageNum=0&refId=NI6ffnBlWZjw47uSX%2FyDJA%3D%3D&trackingId=crzz38R6PoZnwiniEAO5JA%3D%3D,,,,,,,,,,,,,
January 2025 Co-op Student Opportunities (Non-Engineering Degree),City of Edmonton,"Edmonton, Alberta, Canada",3 weeks ago,https://ca.linkedin.com/jobs/view/january-2025-co-op-student-opportunities-non-engineering-degree-at-city-of-edmonton-4014923373?position=39&pageNum=0&refId=NI6ffnBlWZjw47uSX%2FyDJA%3D%3D&trackingId=hg3gnSngM393WyknI8UpVw%3D%3D,,,,,,,,,,,,,
"Student Project Coordinator (Calgary, Edmonton)",Bird Construction,"Edmonton, Alberta, Canada",1 week ago,https://ca.linkedin.com/jobs/view/student-project-coordinator-calgary-edmonton-at-bird-construction-4028883135?position=40&pageNum=0&refId=NI6ffnBlWZjw47uSX%2FyDJA%3D%3D&trackingId=qR8%2BsFhn%2BREMK0tZHfy3Dw%3D%3D,,,,,,,,,,,,,
Student Supply Chain Coordinator (Edmonton),Bird Construction,"Edmonton, Alberta, Canada",5 days ago,https://ca.linkedin.com/jobs/view/student-supply-chain-coordinator-edmonton-at-bird-construction-4030447157?position=41&pageNum=0&refId=NI6ffnBlWZjw47uSX%2FyDJA%3D%3D&trackingId=b7d5wcIOEG9atOuxfNeKxQ%3D%3D,,,,,,,,,,,,,
Environmental Engineering/Science Student Intern,ATCO Electric,"Edmonton, Alberta, Canada",1 week ago,https://ca.linkedin.com/jobs/view/environmental-engineering-science-student-intern-at-atco-electric-4023237537?position=42&pageNum=0&refId=NI6ffnBlWZjw47uSX%2FyDJA%3D%3D&trackingId=qnDNSP9u%2ByGxmRnAq0GUHA%3D%3D,,,,,,,,,,,,,
Student Quality Coordinator,Bird Construction,"Edmonton, Alberta, Canada",4 days ago,https://ca.linkedin.com/jobs/view/student-quality-coordinator-at-bird-construction-4031426455?position=43&pageNum=0&refId=NI6ffnBlWZjw47uSX%2FyDJA%3D%3D&trackingId=WOs%2BRp%2Fq8aE3dcv29YIGLw%3D%3D,,,,,,,,,,,,,
Electronics/Optics Hardware Design Intern,AllSeeing,"Edmonton, Alberta, Canada",5 hours ago,https://ca.linkedin.com/jobs/view/electronics-optics-hardware-design-intern-at-allseeing-4033369555?position=44&pageNum=0&refId=NI6ffnBlWZjw47uSX%2FyDJA%3D%3D&trackingId=6pm4Hl5p5agyv41nWKyBLw%3D%3D,,,,,,,,,,,,,
Researcher - Machine Learning,Huawei Canada,"Edmonton, Alberta, Canada",3 months ago,https://ca.linkedin.com/jobs/view/researcher-machine-learning-at-huawei-canada-3956153895?position=45&pageNum=0&refId=NI6ffnBlWZjw47uSX%2FyDJA%3D%3D&trackingId=t4aF42PatNUL2AXVQtxuGA%3D%3D,,,,,,,,,,,,,
Corporate Fund Development Coordinator,CAREERS,"Edmonton, Alberta, Canada",1 week ago,https://ca.linkedin.com/jobs/view/corporate-fund-development-coordinator-at-careers-4026070361?position=46&pageNum=0&refId=NI6ffnBlWZjw47uSX%2FyDJA%3D%3D&trackingId=Rk7TEyXDg3ywpOZyR88Zdg%3D%3D,,,,,,,,,,,,,
Retail Field Intern - Agronomy Assistant,Nutrien,"Sherwood Park, Alberta, Canada",2 weeks ago,https://ca.linkedin.com/jobs/view/retail-field-intern-agronomy-assistant-at-nutrien-4018469246?position=47&pageNum=0&refId=NI6ffnBlWZjw47uSX%2FyDJA%3D%3D&trackingId=RkjzT3kFhtAdk8dGjVePpw%3D%3D,,,,,,,,,,,,,
Retail Merchandiser,Neptune Retail Solutions,"Edmonton, Alberta, Canada",4 days ago,https://ca.linkedin.com/jobs/view/retail-merchandiser-at-neptune-retail-solutions-4031177377?position=48&pageNum=0&refId=NI6ffnBlWZjw47uSX%2FyDJA%3D%3D&trackingId=hmrEG%2B%2FKdeDcrAlvBAzz3g%3D%3D,,,,,,,,,,,,,
"Health, Safety, and Environment Student",PCL Construction,"Edmonton, Alberta, Canada",3 weeks ago,https://ca.linkedin.com/jobs/view/health-safety-and-environment-student-at-pcl-construction-4017619826?position=49&pageNum=0&refId=NI6ffnBlWZjw47uSX%2FyDJA%3D%3D&trackingId=4RNAL3mRIQRYTqH4OOcVHQ%3D%3D,,,,,,,,,,,,,
MNF Development Program Prof,Owens Corning,"Edmonton, Alberta, Canada",1 week ago,https://ca.linkedin.com/jobs/view/mnf-development-program-prof-at-owens-corning-4011701719?position=50&pageNum=0&refId=NI6ffnBlWZjw47uSX%2FyDJA%3D%3D&trackingId=T8RBqFHVVpudoS9dabqdWg%3D%3D,,,,,,,,,,,,,
Technical Agronomy Internship,BASF,"Calmar, Alberta, Canada",3 weeks ago,https://ca.linkedin.com/jobs/view/technical-agronomy-internship-at-basf-4015269783?position=51&pageNum=0&refId=NI6ffnBlWZjw47uSX%2FyDJA%3D%3D&trackingId=Gr2eK%2FutendVo2SWMkNEcw%3D%3D,,,,,,,,,,,,,
Marketing Jr assistant,,"Edmonton, Alberta, Canada",6 days ago,https://ca.linkedin.com/jobs/view/trainee-piping-designer-at-worley-4023116566?position=53&pageNum=0&refId=NI6ffnBlWZjw47uSX%2FyDJA%3D%3D&trackingId=L5Gd21RE8qmm7gSrdlytqQ%3D%3D,,,,,,,,,,,,,
Trainee Piping Designer,Worley,"Edmonton, Alberta, Canada",1 week ago,https://ca.linkedin.com/jobs/view/psychologist-%E2%80%93-ph-d-at-wcb-alberta-3996451180?position=54&pageNum=0&refId=NI6ffnBlWZjw47uSX%2FyDJA%3D%3D&trackingId=CtA2JWb3i10W3bBPO4HsvA%3D%3D,,,,,,,,,,,,,
Psychologist – Ph.D.,WCB-Alberta,"Edmonton, Alberta, Canada",3 weeks ago,https://ca.linkedin.com/jobs/view/business-analyst-at-guardian-chemicals-inc-4012058377?position=55&pageNum=0&refId=NI6ffnBlWZjw47uSX%2FyDJA%3D%3D&trackingId=QGw9EACA4AErhnFJxoOzUA%3D%3D,,,,,,,,,,,,,
Business Analyst,Guardian Chemicals Inc.,"Edmonton, Alberta, Canada",3 weeks ago,https://ca.linkedin.com/jobs/view/intern-researcher-ai-at-huawei-canada-3954183536?position=56&pageNum=0&refId=NI6ffnBlWZjw47uSX%2FyDJA%3D%3D&trackingId=I%2B4%2BNhnhaf7b0pXF2sGjIg%3D%3D,,,,,,,,,,,,,
Intern Researcher - AI,Huawei Canada,"Edmonton, Alberta, Canada",3 months ago,https://ca.linkedin.com/jobs/view/2025-co-op-student-supervisor-edmonton-pdc-at-general-motors-4024769059?position=57&pageNum=0&refId=NI6ffnBlWZjw47uSX%2FyDJA%3D%3D&trackingId=4Cdh7ITi6aWCIDcj%2F3wNmQ%3D%3D,,,,,,,,,,,,,
"2025 Co-Op - Student Supervisor, Edmonton PDC",General Motors,"Edmonton, Alberta, Canada",1 week ago,https://ca.linkedin.com/jobs/view/business-systems-analyst-student-at-pcl-construction-4017072883?position=58&pageNum=0&refId=NI6ffnBlWZjw47uSX%2FyDJA%3D%3D&trackingId=y%2FSc3h%2BCveJ%2FIWFrcwU6bw%3D%3D,,,,,,,,,,,,,
Business Systems Analyst Student,PCL Construction,"Edmonton, Alberta, Canada",3 weeks ago,https://ca.linkedin.com/jobs/view/commercial-executive-at-microsoft-4029677326?position=59&pageNum=0&refId=NI6ffnBlWZjw47uSX%2FyDJA%3D%3D&trackingId=lIDWPr1LPG4U0sXSHtUjcw%3D%3D,,,,,,,,,,,,,
Commercial Executive,Microsoft,"Edmonton, Alberta, Canada",6 days ago,https://ca.linkedin.com/jobs/view/advisor-internship-program-aip-calgary-edmonton-saskatoon-at-raymond-james-ltd-4016997182?position=60&pageNum=0&refId=NI6ffnBlWZjw47uSX%2FyDJA%3D%3D&trackingId=yF2UKgcXpKI%2BYZYGLe1jPQ%3D%3D,,,,,,,,,,,,,
Advisor Internship Program (AIP) (Calgary/Edmonton/Saskatoon),Raymond James Ltd.,"Edmonton, Alberta, Canada",11 hours ago,,,,,,,,,,,,,,
Supervisor,Alberta Health Services,"Edmonton, Alberta, Canada",6 days ago,https://ca.linkedin.com/jobs/view/supervisor-at-alberta-health-services-4028415619?position=1&pageNum=6&refId=WVl6W7FRH3VoHWWR35091g%3D%3D&trackingId=2eikyylREpbuObK5nFyf3g%3D%3D,,,,,,,,,,,,,
Cloud Services - Operations Lead,BDO Canada,"Edmonton, Alberta, Canada",1 month ago,https://ca.linkedin.com/jobs/view/cloud-services-operations-lead-at-bdo-canada-4007332234?position=2&pageNum=6&refId=WVl6W7FRH3VoHWWR35091g%3D%3D&trackingId=zArBbQ0ASMGD76H88OYqZQ%3D%3D,,,,,,,,,,,,,
Psychologist - Master's Level,WCB-Alberta,"Edmonton, Alberta, Canada",1 week ago,https://ca.linkedin.com/jobs/view/psychologist-master-s-level-at-wcb-alberta-4026024177?position=3&pageNum=6&refId=WVl6W7FRH3VoHWWR35091g%3D%3D&trackingId=tCPgJUYceI9GCNXR%2F4a1sQ%3D%3D,,,,,,,,,,,,,
Veterinary Extern - General Practice,NVA Canada,"Sherwood Park, Alberta, Canada",1 week ago,https://ca.linkedin.com/jobs/view/veterinary-extern-general-practice-at-nva-canada-3877165420?position=4&pageNum=6&refId=WVl6W7FRH3VoHWWR35091g%3D%3D&trackingId=oXixZwry7EEq%2BgWTGwjQZg%3D%3D,,,,,,,,,,,,,
"Veterinary Medical Director, Guardian Veterinary Centre",VCA Animal Hospitals,"Edmonton, Alberta, Canada",4 hours ago,https://ca.linkedin.com/jobs/view/veterinary-medical-director-guardian-veterinary-centre-at-vca-animal-hospitals-4033389014?position=5&pageNum=6&refId=WVl6W7FRH3VoHWWR35091g%3D%3D&trackingId=sc6sGdDEY3wTlRLdcYMsqw%3D%3D,,,,,,,,,,,,,
